t,P,D,u,lambda
0.1,0.9992172405732926,50.0,0.8903232651916265,0.897777119121532
0.2,1.002508537220772,50.0,1.2373417796396058,0.8839262732759295
0.30000000000000004,1.009845534468367,50.0,1.5289880827426057,0.858946913203704
0.4,1.0200413739309144,50.0,1.70676527491209,0.8268372295822863
0.5,1.0316860473038474,50.0,1.7834691271589505,0.7919668127159513
0.6,1.04370507905751,50.0,1.7907568020890474,0.7573702525226416
0.7,1.0554013804991114,50.0,1.754405786496792,0.7247572994051037
0.7999999999999999,1.06635050580061,50.0,1.6916427274984032,0.6949564756369656
0.8999999999999999,1.0763052374365303,50.0,1.6135046166009734,0.6682809785441776
0.9999999999999999,1.0851316039960406,50.0,1.5270826495346883,0.6447600490216453
1.0999999999999999,1.092768580771802,50.0,1.436994910940788,0.6242745737589401
1.2,1.0992026617426527,50.0,1.3462840674031775,0.6066345183398849
1.3,1.1044514689254172,50.0,1.2569634551048487,0.591622481395993
1.4000000000000001,1.1085529163471906,50.0,1.1703565610521087,0.5790176915638862
1.5000000000000002,1.1115578781245863,50.0,1.0873143070246332,0.5686087192058007
1.6000000000000003,1.1135251339771945,50.0,1.0083583527485698,0.5601996859605388
1.7000000000000004,1.1145178383399221,50.0,0.9337782755803923,0.553612757257535
1.8000000000000005,1.1146010355502505,50.0,0.8636991003490206,0.5486885503636495
1.9000000000000006,1.1138399093159355,50.0,0.7981291973589028,0.5452854181192933
2.0000000000000004,1.1122985569950454,50.0,0.7369948221793946,0.5432781719259264
2.1000000000000005,1.1100391442883817,50.0,0.6801653418262712,0.5425565715980911
2.2000000000000006,1.1071213385213317,50.0,0.6274718284261132,0.5430237685618245
2.3000000000000007,1.1036019473144743,50.0,0.5787208443852614,0.5445948043571147
2.400000000000001,1.099534709168789,50.0,0.5337046899064831,0.5471952159747674
2.500000000000001,1.0949701963975007,50.0,0.49220901754203833,0.550759769790215
2.600000000000001,1.0899558008400554,50.0,0.45401847034748916,0.5552313286362786
2.700000000000001,1.0845357801205684,50.0,0.4189208284371759,0.5605598469410894
2.800000000000001,1.0787513476669326,50.0,0.3867100276148764,0.5667014838127268
2.9000000000000012,1.0726407938275317,50.0,0.35718832705392695,0.573617821605687
3.0000000000000013,1.0662396285822304,50.0,0.33016784034180635,0.5812751766930058
3.1000000000000014,1.0595807388066516,50.0,0.3054715988565465,0.5896439891629748
3.2000000000000015,1.052694555006921,50.0,0.2829342840675617,0.5986982784952095
3.3000000000000016,1.0456092240442427,50.0,0.2624027432671637,0.6084151526350075
3.4000000000000017,1.0383507857363343,50.0,0.24373639002203099,0.618774358044648
3.5000000000000018,1.0309433524655993,50.0,0.22680758600196818,0.6297578580567512
3.600000000000002,1.023409292154514,50.0,0.211502105762995,0.6413494259531737
3.700000000000002,1.0157694163204007,50.0,0.1977198031792867,0.6535342373247537
3.800000000000002,1.0080431765743003,50.0,0.185375632782097,0.6662984429491375
3.900000000000002,1.000248875150275,50.0,0.17440124093081236,0.6796286978755999
4.000000000000002,0.9924038982721421,50.0,0.16474744807955063,0.6935116133189732
4.100000000000001,0.9845249861110101,50.0,0.1563881267953918,0.7079330830783482
4.200000000000001,0.9766285610405739,50.0,0.14932630184318854,0.7228774114830707
4.300000000000001,0.9687311492078376,50.0,0.14360387807498443,0.7383261279215708
4.4,0.9608499535857501,50.0,0.13931748127117888,0.7542562997071307
4.5,0.9530036785680165,50.0,0.13664498870957462,0.7706380223649041
4.6,0.9452137853278716,50.0,0.13589156551419962,0.7874305162842572
4.699999999999999,0.9375065140744099,50.0,0.1375730598365517,0.8045757644753821
4.799999999999999,0.9299163374187158,50.0,0.14257498186790704,0.8219875967575533
4.899999999999999,0.9224922367358405,50.0,0.15247405888327026,0.8395318518395676
4.999999999999998,0.9153099123173873,50.0,0.17023327747006012,0.8569879016442252
5.099999999999998,0.9084973498114371,50.0,0.20181053657897194,0.8739684815936178
5.1999999999999975,0.9022923491328072,50.0,0.2600764943071217,0.8897404329966512
5.299999999999997,0.8971773195324215,50.0,0.3740003653195424,0.902808310450073
5.399999999999997,0.8941639362023112,50.0,0.6018889133753754,0.9100497183163443
5.4999999999999964,0.895053773977484,50.0,0.997994442257283,0.9059983449986234
5.599999999999996,0.9014978689242606,50.0,1.4622012017024477,0.8859735173670339
5.699999999999996,0.9130018487267706,50.0,1.799523898027374,0.8522271795040295
5.799999999999995,0.9274976800853797,50.0,1.9672743388937213,0.8116129956169139
5.899999999999995,0.9431372287042133,50.0,2.0163234407970863,0.7697363878652361
5.999999999999995,0.9587518128409294,50.0,1.99480217015582,0.7297120927457693
6.099999999999994,0.9736673999798565,50.0,1.9327470126155153,0.6929785193533533
6.199999999999994,0.9875063413816674,50.0,1.8478073719412003,0.6600610983090827
6.299999999999994,1.0000659444231916,50.0,1.7505492486609646,0.6310196083973683
6.399999999999993,1.0112495794162313,50.0,1.6475102300148523,0.6056877090237324
6.499999999999993,1.0210268483833074,50.0,1.5428510730039386,0.583799199457609
6.5999999999999925,1.0294095740157947,50.0,1.4392660220858733,0.5650542278387611
6.699999999999992,1.036436685015588,50.0,1.3385061368834537,0.5491534238368173
6.799999999999992,1.0421643362892274,50.0,1.2416945609764698,0.5358146946963397
6.8999999999999915,1.0466592553152851,50.0,1.1495251502208774,0.5247806006597755
6.999999999999991,1.0499941632170817,50.0,1.0623927228655443,0.5158206452619946
7.099999999999991,1.052244580319466,50.0,0.9804814372197693,0.5087308899890349
7.19999999999999,1.053486584489721,50.0,0.9038264634585836,0.5033322421360474
7.29999999999999,1.0537952415465779,50.0,0.8323579854779354,0.4994681693396503
7.39999999999999,1.05324351878996,50.0,0.7659331284374991,0.4970022555276696
7.499999999999989,1.0519015506282683,50.0,0.7043594051816809,0.49581581888665976
7.599999999999989,1.049836163144543,50.0,0.6474120671432371,0.49580570114177663
7.699999999999989,1.0471105899943545,50.0,0.5948469919282249,0.49688227416462316
7.799999999999988,1.0437843297655474,50.0,0.5464102543575422,0.4989676746854784
7.899999999999988,1.039913107550201,50.0,0.5018452054313332,0.5019942590436213
7.999999999999988,1.0355489126500472,50.0,0.4608976636869806,0.5059032606085385
8.099999999999987,1.030740091120326,50.0,0.42331966948359606,0.5106436286827452
8.199999999999987,1.0255314769497335,50.0,0.3888721426514794,0.5161710269389093
8.299999999999986,1.0199645495443077,50.0,0.3573267037228098,0.5224469703169656
8.399999999999986,1.0140776081544658,50.0,0.32846685960317806,0.529438080966171
8.499999999999986,1.007905956185904,50.0,0.3020887101135089,0.537115445770876
8.599999999999985,1.0014820901325614,50.0,0.2780012983367876,0.5454540599664552
8.699999999999985,0.9948358892863426,50.0,0.2560267024264437,0.5544323431770795
8.799999999999985,0.9879948035075294,50.0,0.23599994762237447,0.5640317158045681
8.899999999999984,0.9809840372556007,50.0,0.21776880344843938,0.5742362250193117
8.999999999999984,0.9738267288435185,50.0,0.20119352169245866,0.5850322106167173
9.099999999999984,0.9665441245433084,50.0,0.18614656549494937,0.5964080016700232
9.199999999999983,0.9591557477894292,50.0,0.17251237886223866,0.6083536351790987
9.299999999999983,0.9516795643565144,50.0,0.16018724993614067,0.6208605876955762
9.399999999999983,0.9441321451010745,50.0,0.1490793320371897,0.6339215100461283
9.499999999999982,0.9365288287519985,50.0,0.1391089069155337,0.6475299535231379
9.599999999999982,0.9288838884624658,50.0,0.1302090103130484,0.6616800728352398
9.699999999999982,0.9212107076384906,50.0,0.12232660082024924,0.6763662859747387
9.799999999999981,0.9135219733469003,50.0,0.11542455739917352,0.6915828626864463
9.89999999999998,0.9058299001015884,50.0,0.10948497340563415,0.7073233991306724
9.99999999999998,0.8981465043586359,50.0,0.10451454307213706,0.7235801124177574
10.09999999999998,0.8904839631535745,50.0,0.1005534477750419,0.7403428469207133
10.19999999999998,0.8828551140464491,50.0,0.09769033711989315,0.7575976086449253
10.29999999999998,0.8752741985009792,50.0,0.09608842186917267,0.7753243010066344
10.399999999999979,0.867758040477239,50.0,0.09603291916763997,0.7934930513084177
10.499999999999979,0.8603280416957163,50.0,0.09802211032056364,0.8120579183798355
10.599999999999978,0.8530138050479421,50.0,0.10295409192499286,0.8309454193025296
10.699999999999978,0.845860254773617,50.0,0.11254201510164823,0.8500320004926506
10.799999999999978,0.8389429780768102,50.0,0.130331738579288,0.8690956631897456
10.899999999999977,0.8324050904811116,50.0,0.16449439819743356,0.8877002920220189
10.999999999999977,0.8265574051119525,50.0,0.23640116570423722,0.9048832153546877
11.099999999999977,0.8221786779924105,50.0,0.407436459253481,0.9182261974184625
11.199999999999976,0.8213028552869247,50.0,0.821431706434606,0.9214645458264418
11.299999999999976,0.8274543234549983,50.0,1.4964016610720423,0.9040840128373676
11.399999999999975,0.8414818580177252,50.0,2.03118282086821,0.8646702097414165
11.499999999999975,0.8601506752275266,50.0,2.2765862374460752,0.8143492427598412
11.599999999999975,0.8804426470210961,50.0,2.3412711977828993,0.7625035037135228
11.699999999999974,0.9006882799849353,50.0,2.312008016084134,0.7135991943587774
11.799999999999974,0.9200301987269885,50.0,2.233602685934419,0.6693403511445908
11.899999999999974,0.9380252411897149,50.0,2.129190729413352,0.6301612171950234
11.999999999999973,0.9544502795524598,50.0,2.0115502353802603,0.5959349949551234
12.099999999999973,0.9692072011354665,50.0,1.8882118667748349,0.5663013833942713
12.199999999999973,0.9822729552105742,50.0,1.7638302670125785,0.5408207127722452
12.299999999999972,0.9936711865430089,50.0,1.641364514637419,0.5190467678037908
12.399999999999972,1.0034550096422885,50.0,1.5227116948979336,0.5005600245704369
12.499999999999972,1.0116959743245935,50.0,1.4090717456938198,0.484981143077842
12.599999999999971,1.0184767103272354,50.0,1.301171023923406,0.47197457334068743
12.69999999999997,1.0238858879284458,50.0,1.199406703841321,0.461247330490183
12.79999999999997,1.0280147077771964,50.0,1.1039441329650896,0.4525455778579655
12.89999999999997,1.0309544395183659,50.0,1.0147847228052738,0.4456503983524776
12.99999999999997,1.0327947009364609,50.0,0.9318145139312111,0.4403734632803324
13.09999999999997,1.0336222711820293,50.0,0.8548395601836023,0.4365529453193751
13.199999999999969,1.0335202948449709,50.0,0.783612028749919,0.4340498264270315
13.299999999999969,1.0325677745979813,50.0,0.7178495901477441,0.43274464696212117
13.399999999999968,1.0308392777183488,50.0,0.6572498604330946,0.43253468844962667
13.499999999999968,1.0284048010004776,50.0,0.6015011396699056,0.4333315566549037
13.599999999999968,1.0253297523186935,50.0,0.5502903474803801,0.43505912128732266
13.699999999999967,1.0216750171679003,50.0,0.503308821614798,0.4376517665607037
13.799999999999967,1.0174970860192616,50.0,0.46025648002583075,0.44105290894774435
13.899999999999967,1.01284822401033,50.0,0.4208447274599571,0.4452137425034372
13.999999999999966,1.007776668836248,50.0,0.3847983994967593,0.45009217684445585
14.099999999999966,1.0023268460620247,50.0,0.35185697090986484,0.45565193759046685
14.199999999999966,0.9965395936781536,50.0,0.3217752049984965,0.46186180346731515
14.299999999999965,0.9904523897495193,50.0,0.2943233819369398,0.4686949581978644
14.399999999999965,0.9840995785916115,50.0,0.269287214277101,0.4761284387243596
14.499999999999964,0.9775125921472575,50.0,0.2464675344264497,0.4841426642310149
14.599999999999964,0.9707201642070016,50.0,0.22567982069288922,0.49272103290720165
14.699999999999964,0.9637485358754527,50.0,0.206753614222786,0.5018495754597093
14.799999999999963,0.9566216512804261,50.0,0.1895318680298805,0.5115166560971703
14.899999999999963,0.9493613429881229,50.0,0.17387026070683567,0.5217127131167183
14.999999999999963,0.9419875069556545,50.0,0.15963650088030576,0.5324300323612168
15.099999999999962,0.934518267146639,50.0,0.146709643705621,0.5436625477154974
15.199999999999962,0.9269701301778184,50.0,0.13497943751567879,0.5554056634928294
15.299999999999962,0.9193581305743946,50.0,0.12434571708816272,0.5676560940378234
15.399999999999961,0.9116959674089071,50.0,0.11471785997931913,0.5804117161345448
15.499999999999961,0.9039961333051119,50.0,0.10601432430692463,0.5936714298352901
15.59999999999996,0.8962700370322033,50.0,0.09816229088566122,0.6074350230655008
15.69999999999996,0.8885281212341359,50.0,0.09109744088021315,0.6217030347210892
15.79999999999996,0.8807799772910763,50.0,0.08476391418795255,0.6364766097959159
15.89999999999996,0.8730344599861712,50.0,0.07911451721696151,0.6517573380856423
15.99999999999996,0.8652998057023178,50.0,0.07411128812591443,0.6675470647378927
16.09999999999996,0.8575837595626933,50.0,0.06972659506216217,0.6838476555277492
16.19999999999996,0.8498937197269508,50.0,0.06594506169590875,0.7006606907313253
16.29999999999996,0.8422369118434674,50.0,0.06276683063786215,0.7179870460406039
16.399999999999963,0.8346206151548586,50.0,0.060213085369340634,0.7358262916428122
16.499999999999964,0.8270524774696782,50.0,0.05833556579135785,0.7541757902310838
16.599999999999966,0.8195409867164863,50.0,0.05723352047805974,0.7730292773517453
16.699999999999967,0.8120962294504875,50.0,0.057085355235856866,0.7923745082922973
16.79999999999997,0.8047312043289857,50.0,0.05821143172194097,0.8121891197431886
16.89999999999997,0.7974642864784918,50.0,0.06120871142944214,0.8324328196499678
16.99999999999997,0.7903243011726349,50.0,0.06726928948276781,0.8530313062289474
17.099999999999973,0.7833622315015443,50.0,0.07903546276446291,0.8738392734527636
17.199999999999974,0.7766825054125165,50.0,0.10330471534966316,0.8945419913958897
17.299999999999976,0.7705444504704853,50.0,0.161584339552179,0.9143377730618149
17.399999999999977,0.7657783721170209,50.0,0.3409341535582571,0.9306434832806466
17.49999999999998,0.7655922743494216,50.0,0.9730637230023841,0.9335457322066113
17.59999999999998,0.7769460339437435,50.0,2.0516872012160965,0.9023619923956121
17.69999999999998,0.7989910295118254,50.0,2.6380075237921883,0.8424149729654377
17.799999999999983,0.8251953543788559,50.0,2.8103497940148103,0.7754448825539891
17.899999999999984,0.852026849753662,50.0,2.8058449739195273,0.7117592226808633
17.999999999999986,0.8779803331405853,50.0,2.72200973960913,0.6545872729760914
18.099999999999987,0.9023640307806314,50.0,2.5994538992344407,0.6045514822381075
18.19999999999999,0.924847054658807,50.0,2.4577371704126834,0.5613252174919131
18.29999999999999,0.9452824903160314,50.0,2.3075169681497605,0.5242556383784732
18.39999999999999,0.963627545638811,50.0,2.155119175511879,0.49261459594922336
18.499999999999993,0.979902418806552,50.0,2.004498260935337,0.46570183295645445
18.599999999999994,0.9941667292156737,50.0,1.858184560802386,0.44288468339798975
18.699999999999996,1.0065048777756593,50.0,1.7177924142589351,0.4236093124006247
18.799999999999997,1.0170164144694152,50.0,1.5843180271843584,0.4073992283266559
18.9,1.0258094524979573,50.0,1.458327274979707,0.39384846938988244
19.0,1.0329960609950277,50.0,1.3400810922515727,0.3826130141109776
19.1,1.0386890083314781,50.0,1.229622871036655,0.37340209630026705
19.200000000000003,1.0429994614371503,50.0,1.1268412873014357,0.3659701742445766
19.300000000000004,1.0460353790947703,50.0,1.0315164232106027,0.360109836675754
19.400000000000006,1.0479004172774289,50.0,0.943354078886165,0.3556456975433556
19.500000000000007,1.048693215839727,50.0,0.8620114814272092,0.35242922355500894
19.60000000000001,1.0485069702776402,50.0,0.7871165897359139,0.35033439386945175
19.70000000000001,1.047429216327837,50.0,0.7182825579445529,0.34925407908592737
19.80000000000001,1.0455417725496152,50.0,0.6551185007287832,0.34909703018991917
19.900000000000013,1.0429207988962128,50.0,0.5972374154914427,0.34978537858573333
20.000000000000014,1.0396369389879359,50.0,0.5442619113698026,0.3512525611742348
20.100000000000016,1.0357555212241425,50.0,0.49582824508837514,0.3534415973082928
20.200000000000017,1.0313367996068266,50.0,0.4515890516008028,0.35630365630552485
20.30000000000002,1.0264362196096202,50.0,0.4112150722445307,0.3597968646030971
20.40000000000002,1.0211046979108982,50.0,0.37439611749236257,0.36388531052775014
20.50000000000002,1.0153889075386424,50.0,0.34084145033619323,0.36853821211530396
20.600000000000023,1.0093315621136079,50.0,0.31027973635332196,0.37372921960638017
20.700000000000024,1.002971694552866,50.0,0.28245867502564337,0.37943582934700115
20.800000000000026,0.9963449269059661,50.0,0.2571444020089428,0.3856388900064368
20.900000000000027,0.9894837290172498,50.0,0.23412073235123826,0.39232218544561137
21.00000000000003,0.982417664500385,50.0,0.21318829903938,0.3994720813622322
21.10000000000003,0.9751736231224504,50.0,0.19416362886357547,0.40707722511735983
21.20000000000003,0.967776039162589,50.0,0.17687818776796607,0.4151282900070246
21.300000000000033,0.9602470956643615,50.0,0.16117742008157612,0.4236177567595266
21.400000000000034,0.9526069147653977,50.0,0.1469197998871876,0.4325397262777294
21.500000000000036,0.9448737344819377,50.0,0.13397590796078143,0.4418897586575182
21.600000000000037,0.9370640724646931,50.0,0.12222754394335818,0.4516647343402663
21.70000000000004,0.9291928773385134,50.0,0.11156688048620013,0.4618627339321184
21.80000000000004,0.9212736683015433,50.0,0.10189566387940853,0.4724829337729129
21.90000000000004,0.9133186636980197,50.0,0.09312446400713535,0.48352551478381006
22.000000000000043,0.9053388992992137,50.0,0.08517197527713594,0.4949915824816467
22.100000000000044,0.8973443370348866,50.0,0.07796436938021406,0.5068830963320995
22.200000000000045,0.8893439649178434,50.0,0.07143470030627894,0.5192028068315696
22.300000000000047,0.8813458889012357,50.0,0.06552236196568001,0.5319541988642978
22.40000000000005,0.8733574174066608,50.0,0.06017259905854208,0.5451414399776071
22.50000000000005,0.8653851392658151,50.0,0.05533607256744511,0.5587693322505906
22.60000000000005,0.8574349958355995,50.0,0.05096848255260134,0.5728432663899005
22.700000000000053,0.8495123480844905,50.0,0.047030253040032416,0.5873691765512321
22.800000000000054,0.8416220395187956,50.0,0.043486287119400543,0.6023534941232066
22.900000000000055,0.8337684559398854,50.0,0.04030580560913982,0.6178030982654446
23.000000000000057,0.8259555832278064,50.0,0.0374622910213981,0.6337252602704216
23.10000000000006,0.8181870646831946,50.0,0.03493357223789046,0.6501275776589942
23.20000000000006,0.8104662600149959,50.0,0.032702108262366976,0.6670178920439882
23.30000000000006,0.8027963089911063,50.0,0.03075556916322502,0.6844041817077455
23.400000000000063,0.7951802043593093,50.0,0.029087883639565527,0.7022944146192311
23.500000000000064,0.7876208814488586,50.0,0.027701055883857156,0.7206963384986916
23.600000000000065,0.7801213369914757,50.0,0.02660831508105422,0.7396171679737521
23.700000000000067,0.7726847995178385,50.0,0.02583969874634588,0.7590630973432941
23.800000000000068,0.7653149935266654,50.0,0.025452352329025405,0.7790385040548473
23.90000000000007,0.758016582426378,50.0,0.025550621144512682,0.7995445717861089
24.00000000000007,0.7507959752129508,50.0,0.026328237307718085,0.820576745119036
24.100000000000072,0.7436629394121347,50.0,0.02816578960280035,0.8421196141468992
24.200000000000074,0.736634214684314,50.0,0.03188615593587755,0.8641354599013681
24.300000000000075,0.729742907800728,50.0,0.03954892572596827,0.8865345720303235
24.400000000000077,0.7230686020241542,50.0,0.057604218633611065,0.909080533096035
24.500000000000078,0.7168699354712431,50.0,0.11497375347232919,0.930974984674354
24.60000000000008,0.7125367322201458,50.0,0.43426462537593813,0.9478897728121277
24.70000000000008,0.7195550068805007,50.0,2.0912517695847552,0.9306518627574385
24.800000000000082,0.7474221344224975,50.0,3.2921755734316953,0.8542632190864677
24.900000000000084,0.7830838525980518,50.0,3.561622021880247,0.7640568453842183
25.000000000000085,0.8197046068771866,50.0,3.554691808190268,0.6804878451840722
25.100000000000087,0.855145972464565,50.0,3.4451014605496946,0.6076477527054585
25.200000000000088,0.8885436883238552,50.0,3.2884501098969365,0.5455625736973443
25.30000000000009,0.9194996516664967,50.0,3.10869477065856,0.49315469376559545
25.40000000000009,0.9478368845216247,50.0,2.918480445253393,0.44910614997762105
25.500000000000092,0.9735021207183105,50.0,2.725367061341067,0.4121477778661712
25.600000000000094,0.9965181662542533,50.0,2.5341952279919533,0.38115393050345603
25.700000000000095,1.016956768914044,50.0,2.3481565104524758,0.3551632118582813
25.800000000000097,1.0349214453434117,50.0,2.169353671890238,0.3333703318388186
25.900000000000098,1.0505358433335072,50.0,1.9991311542652406,0.3151077042658684
26.0000000000001,1.0639355290599395,50.0,1.8382888503221149,0.29982478187359696
26.1000000000001,1.0752620682518303,50.0,1.687229838838762,0.28706848741584384
26.200000000000102,1.0846587299174117,50.0,1.5460671135138078,0.2764659905357667
26.300000000000104,1.092267378868661,50.0,1.4147028720584438,0.26771011582778187
26.400000000000105,1.0982262579106297,50.0,1.2928883903310469,0.26054724501652415
26.500000000000107,1.1026684435109129,50.0,1.1802696132000678,0.2547674138490471
26.600000000000108,1.105720813683221,50.0,1.0764219623954867,0.25019626531354827
26.70000000000011,1.1075034053103403,50.0,0.9808768699903252,0.246688537321097
26.80000000000011,1.1081290662692274,50.0,0.8931419006404135,0.24412280136981002
26.900000000000112,1.107703328902729,50.0,0.8127158804188426,0.2423972126320131
27.000000000000114,1.1063244476435903,50.0,0.7391001286375866,0.24142607388329626
27.100000000000115,1.1040835562383984,50.0,0.6718066491402467,0.2411370527225319
27.200000000000117,1.101064909924103,50.0,0.6103639542747789,0.2414689228131058
27.300000000000118,1.0973461857052818,50.0,0.5543210525290009,0.24236972563123338
27.40000000000012,1.0929988200294243,50.0,0.5032500192980461,0.2437952700790727
27.50000000000012,1.0880883680111475,50.0,0.4567474822405233,0.24570790406674817
27.600000000000122,1.0826748721853416,50.0,0.4144352829295767,0.24807550552165852
27.700000000000124,1.07681323178553,50.0,0.3759605210915144,0.2508706508951077
27.800000000000125,1.070553565914104,50.0,0.34099514364327904,0.254069927654177
27.900000000000126,1.0639415658277993,50.0,0.30923520565531426,0.25765336392163984
28.000000000000128,1.057018833009915,50.0,0.28039990244468815,0.26160395372234757
28.10000000000013,1.0498232008241846,50.0,0.25423044979529713,0.265907260501081
28.20000000000013,1.0423890384106624,50.0,0.23048887165678164,0.27055108492415303
28.300000000000132,1.0347475361449598,50.0,0.20895674067494308,0.27552518564623935
28.400000000000134,1.0269269724812575,50.0,0.18943390582253494,0.2808210438574418
28.500000000000135,1.0189529623708569,50.0,0.17173723264573418,0.2864316641353399
28.600000000000136,1.0108486877188287,50.0,0.1556993747506565,0.29235140550061406
28.700000000000138,1.0026351105333313,50.0,0.1411675897514241,0.2985758376817794
28.80000000000014,0.9943311695527489,50.0,0.1280026086864205,0.30510161848898115
28.90000000000014,0.9859539612187843,50.0,0.11607756464189888,0.31192638892149416
29.000000000000142,0.9775189059100337,50.0,0.10527698380912512,0.31904868322237157
29.100000000000144,0.9690399003691289,50.0,0.09549584028800928,0.3264678515733739
29.200000000000145,0.960529457254185,50.0,0.0866386745126191,0.33418399351514116
29.300000000000146,0.9519988327275243,50.0,0.07861877411257916,0.34219790049845394
29.400000000000148,0.943458142965775,50.0,0.07135741525940655,0.35051100623585935
29.50000000000015,0.9349164704388546,50.0,0.06478316201447705,0.35912534373970606
29.60000000000015,0.926381960763673,50.0,0.058831220844504324,0.36804350811139186
29.700000000000152,0.9178619108936924,50.0,0.0534428472604049,0.37726862429433267
29.800000000000153,0.9093628493593098,50.0,0.048564801433783625,0.38680431912541247
29.900000000000155,0.900890609227597,50.0,0.04414884962629606,0.39665469712098506
30.000000000000156,0.8924503944041351,50.0,0.040151308310563204,0.40682431951751047
30.100000000000158,0.8840468398551784,50.0,0.03653262795130117,0.4173181861565589
30.20000000000016,0.875684066285673,50.0,0.0332570135397046,0.42814171986155275
30.30000000000016,0.8673657297680787,50.0,0.030292079123750107,0.4393007530011211
30.400000000000162,0.8590950667787572,50.0,0.027608533745437182,0.45080151597277185
30.500000000000163,0.8508749350630673,50.0,0.025179896378866955,0.4626506273718539
30.600000000000165,0.8427078507173956,50.0,0.022982237658517906,0.47485508563526063
30.700000000000166,0.8345960218462801,50.0,0.020993946395499712,0.4874222619674647
30.800000000000168,0.8265413791256917,50.0,0.019195519104060442,0.5003598943683755
30.90000000000017,0.8185456035796489,50.0,0.01756937100779789,0.513676082587855
31.00000000000017,0.8106101518569547,50.0,0.01609966727638942,0.5273792838296787
31.100000000000172,0.8027362792784714,50.0,0.014772173578008365,0.5414783090167018
31.200000000000173,0.7949250609137697,50.0,0.013574125450131475,0.5559823194063623
31.300000000000175,0.7871774109404859,50.0,0.012494116540767045,0.5709008233071422
31.400000000000176,0.779494100542302,50.0,0.01152200653252624,0.5862436725854133
31.500000000000178,0.771875774615452,50.0,0.0106488506652044,0.6020210585572419
31.60000000000018,0.7643229675844512,50.0,0.009866854442811877,0.618243506713316
31.70000000000018,0.7568361186844494,50.0,0.009169359739831366,0.6349218694974023
31.800000000000182,0.7494155871658416,50.0,0.008550872813244001,0.6520673159987802
31.900000000000183,0.7420616680440861,50.0,0.008007151991246297,0.669691316837633
32.000000000000185,0.7347746093043708,50.0,0.007535385573640913,0.687805621557261
32.100000000000186,0.7275546319719322,50.0,0.00713451382656345,0.7064222241826006
32.20000000000019,0.7204019553623257,50.0,0.00680579361076843,0.7255533096595076
32.30000000000019,0.7133168315213307,50.0,0.006553794042881321,0.745211168410247
32.40000000000019,0.7062995962071328,50.0,0.006388203370065444,0.7654080555051291
32.50000000000019,0.6993507507682374,50.0,0.006327265997061645,0.7861559485801443
32.60000000000019,0.6924711050487821,50.0,0.006404760008278678,0.8074661084269537
32.700000000000195,0.6856620503929182,50.0,0.006685435056928165,0.8293482227459275
32.800000000000196,0.6789261396294958,50.0,0.007303286517457118,0.8518085729656762
32.9000000000002,0.6722684979443538,50.0,0.008572320663733419,0.8748455710689835
33.0000000000002,0.6657009636681215,50.0,0.011386542834118434,0.8984366940161277
33.1000000000002,0.659258291995625,50.0,0.0192605135631063,0.9224875444141921
33.2000000000002,0.6531043586308946,50.0,0.05783083898886083,0.9464990928285665
33.3000000000002,0.6497012045254231,50.0,0.8429296331576911,0.9627901280692143
33.400000000000205,0.6802648106804527,50.0,4.2691110999713295,0.877550792545151
33.500000000000206,0.7309018846188183,50.0,4.796411648809129,0.7496031911974813
33.60000000000021,0.7836727974714542,50.0,4.821660635746977,0.6348847022154098
33.70000000000021,0.8351921656777036,50.0,4.701561302761183,0.5389776859978863
33.80000000000021,0.8842407191612821,50.0,4.514110011752025,0.4604481664398488
33.90000000000021,0.9302192004700922,50.0,4.2899757036752435,0.3966400035201428
34.00000000000021,0.9728144902255518,50.0,4.045849774341983,0.3449040721561426
34.100000000000215,1.0118827437178235,50.0,3.7924552095560364,0.30292439843618857
34.200000000000216,1.047392680511499,50.0,3.5372134693815305,0.26878010723072204
34.30000000000022,1.079391401055588,50.0,3.2853925876756795,0.24091878831304686
34.40000000000022,1.1079809850138784,50.0,3.040721758034754,0.2181027652777377
34.50000000000022,1.1333013859666485,50.0,2.8057805833015252,0.19935198748129054
34.60000000000022,1.1555175583461996,50.0,2.58227430592907,0.18389246287663644
34.70000000000022,1.1748096799435388,50.0,2.371240818266922,0.17111289991441855
34.800000000000225,1.1913657406816691,50.0,2.1732111467048356,0.1605295967110157
34.900000000000226,1.2053759765313135,50.0,1.9883354154118698,0.15175861067734325
35.00000000000023,1.2170287518516454,50.0,1.8164819942539425,0.14449396984318869
35.10000000000023,1.2265075783385175,50.0,1.6573153648676022,0.13849072995944683
35.20000000000023,1.2339890221556846,50.0,1.5103569634435385,0.1335518415023751
35.30000000000023,1.239641300582521,50.0,1.3750323937277036,0.12951797715331426
35.40000000000023,1.2436234094777172,50.0,1.250707753445487,0.12625964453760075
35.500000000000234,1.2460846552185583,50.0,1.1367172996046824,0.1236710573436364
35.600000000000236,1.2471644909926747,50.0,1.0323842554152554,0.12166535822853854
35.70000000000024,1.24699257850138,50.0,0.9370362138972713,0.12017088172780248
35.80000000000024,1.2456890131789735,50.0,0.8500163076204594,0.11912821884601758
35.90000000000024,1.243364664688941,50.0,0.770691080408877,0.11848790133313648
36.00000000000024,1.240121595352681,50.0,0.6984558068157531,0.11820856658190003
36.10000000000024,1.2360535278221552,50.0,0.6327378514172385,0.11825549670249144
36.200000000000244,1.231246340157726,50.0,0.5729985361600708,0.11859945009186716
36.300000000000246,1.225778571872123,50.0,0.5187338847082097,0.11921572262006891
36.40000000000025,1.2197219287410752,50.0,0.46947453339087464,0.12008338985939067
36.50000000000025,1.2131417774958024,50.0,0.4247850351432819,0.1211846926876555
36.60000000000025,1.206097624091852,50.0,0.3842627326047492,0.12250453693579699
36.70000000000025,1.1986435712449544,50.0,0.34753633672453843,0.12403008414784063
36.80000000000025,1.1908287524595005,50.0,0.3142643157365049,0.12575041544803287
36.900000000000254,1.1826977409461625,50.0,0.28413317451493675,0.12765625431828856
37.000000000000256,1.174290932709585,50.0,0.25685568476255516,0.12973973704493594
37.10000000000026,1.165644903746557,50.0,0.23216911112370434,0.1319942218971939
37.20000000000026,1.1567927417785797,50.0,0.20983346629545405,0.1344141299022925
37.30000000000026,1.147764353289044,50.0,0.1896298188361667,0.13699481149840914
37.40000000000026,1.138586746875094,50.0,0.17135867009506442,0.13973243446393413
37.50000000000026,1.129284294081956,50.0,0.15483841106976667,0.1426238894066368
37.600000000000264,1.1198789689822877,50.0,0.13990386569350488,0.14566670980012827
37.700000000000266,1.1103905678100805,50.0,0.1264049237829459,0.14885900411687467
37.80000000000027,1.1008369099697608,50.0,0.11420526442122413,0.15219939805721847
37.90000000000027,1.0912340217257221,50.0,0.10318116873403527,0.155686985235913
38.00000000000027,1.0815963038429206,50.0,0.09322041970056312,0.15932128497985013
38.10000000000027,1.0719366844010678,50.0,0.08422128571528276,0.16310220612724832
38.20000000000027,1.0622667579477914,50.0,0.07609158399377075,0.1670300159107726
38.300000000000274,1.0525969120933083,50.0,0.06874781952615357,0.17110531316369457
38.400000000000276,1.0429364425832734,50.0,0.06211439507078319,0.1753290052162466
38.50000000000028,1.0332936578194931,50.0,0.056122887604706656,0.17970228795430251
38.60000000000028,1.0236759737316066,50.0,0.050711386672233176,0.18422662859883235
38.70000000000028,1.0140899998376967,50.0,0.04582389017145547,0.1889037508357444
38.80000000000028,1.0045416172688797,50.0,0.0414097532698414,0.19373562198456382
38.90000000000028,0.9950360494727554,50.0,0.0374231863275131,0.19872444194316696
39.000000000000284,0.9855779262535228,50.0,0.03382279791780882,0.20387263368632372
39.100000000000286,0.9761713417527711,50.0,0.030571179259355104,0.20918283512957436
39.20000000000029,0.9668199069245402,50.0,0.027634526604674612,0.2146578921981815
39.30000000000029,0.9575267970112062,50.0,0.024982298361681806,0.22030085296452917
39.40000000000029,0.9482947944830371,50.0,0.022586903952098874,0.22611496273718398
39.50000000000029,0.9391263278637786,50.0,0.020423421631833805,0.23210366000153876
39.60000000000029,0.930023506827248,50.0,0.01846934271058056,0.23827057312606226
39.700000000000294,0.9209881539154758,50.0,0.016704339809909926,0.24461951776011398
39.800000000000296,0.9120218331972867,50.0,0.015110056990046826,0.2511544948594145
39.9000000000003,0.9031258761571809,50.0,0.013669919754921668,0.25787968928388433
40.0000000000003,0.8943014050777937,50.0,0.012368963112803463,0.2647994689199258
40.1000000000003,0.8855493541549051,50.0,0.011193676025972628,0.271918384285523
40.2000000000003,0.87687048856178,50.0,0.010131860727747929,0.27924116858194825
40.3000000000003,0.86826542165938,50.0,0.00917250551914557,0.2867727381605233
40.400000000000304,0.8597346305305571,50.0,0.00830566978100584,0.29451819337691376
40.500000000000306,0.8512784699995549,50.0,0.007522380051115944,0.3024828198089264
40.60000000000031,0.8428971852828957,50.0,0.006814536120260624,0.31067208981681593
40.70000000000031,0.8345909234038665,50.0,0.006174826196832907,0.3190916644277593
40.80000000000031,0.8263597434902387,50.0,0.005596650277224574,0.3277473955284723
40.90000000000031,0.8182036260634384,50.0,0.005074050939269008,0.3366453283519813
41.00000000000031,0.8101224814170371,50.0,0.004601650849091356,0.3457917042463532
41.100000000000314,0.8021161571730502,50.0,0.004174596338374392,0.35519296371476883
41.200000000000315,0.7941844450960409,50.0,0.0037885064697916644,0.36485574971772167
41.30000000000032,0.7863270872373375,50.0,0.003439427063685276,0.37478691122936036
41.40000000000032,0.7785437814747167,50.0,0.003123789209442037,0.3849935070410878
41.50000000000032,0.7708341865066209,50.0,0.002838371830892305,0.39548280980649386
41.60000000000032,0.7631979263542947,50.0,0.002580267916842637,0.4062623103225478
41.70000000000032,0.7556345944201005,50.0,0.0023468540659604712,0.4173397220427125
41.800000000000324,0.7481437571456493,50.0,0.0021357630300476963,0.4287229858182753
41.900000000000325,0.7407249573092209,50.0,0.001944858971656596,0.44042027486471075
42.00000000000033,0.7333777169982072,50.0,0.0017722151814083334,0.45243999995030465
42.10000000000033,0.7261015402889612,50.0,0.0016160940276844886,0.4647908148045502
42.20000000000033,0.7188959156634477,50.0,0.0014749289370341702,0.4774816217439704
42.30000000000033,0.7117603181894426,50.0,0.001347308228210145,0.490521577512983
42.40000000000033,0.7046942114887118,50.0,0.0012319606468870997,0.5039200993371632
42.500000000000334,0.6976970495156051,50.0,0.0011277424727101383,0.5176868711857018
42.600000000000335,0.6907682781668442,50.0,0.0010336260966101701,0.531831850238893
42.70000000000034,0.6839073367419873,50.0,0.0009486899961163141,0.5463652735549598
42.80000000000034,0.6771136592731763,50.0,0.000872110072449291,0.5612976649281812
42.90000000000034,0.6703866757424138,50.0,0.0008031523598294936,0.5766398419267542
43.00000000000034,0.663725813204943,50.0,0.000741167181711226,0.5924029230934967
43.10000000000034,0.6571304968385919,50.0,0.0006855849223016382,0.6085983352844246
43.200000000000344,0.6506001509416666,50.0,0.0006359137249193869,0.6252378211078377
43.300000000000345,0.6441341999069343,50.0,0.0005917396572459432,0.6423334464071856
43.40000000000035,0.6377320692078431,50.0,0.000552730262759132,0.659897607700069
43.50000000000035,0.6313931864478857,50.0,0.0005186430717512017,0.6779430394350753
43.60000000000035,0.6251169825496672,50.0,0.0004893418194101363,0.6964828208425885
43.70000000000035,0.6189028932058785,50.0,0.0004648253186868591,0.7155303820059552
43.80000000000035,0.6127503607985365,50.0,0.0004452782628593581,0.7350995085062332
43.900000000000354,0.6066588371551724,50.0,0.000431162227388754,0.7552043434708149
44.000000000000355,0.6006277878415193,50.0,0.00042338508975567216,0.7758593847961995
44.10000000000036,0.5946566994117863,50.0,0.0004236348928008414,0.7970794730140948
44.20000000000036,0.5887450927473257,50.0,0.00043509009932576724,0.8188797598389903
44.30000000000036,0.582892550110549,50.0,0.0004640915617782981,0.8412756332038016
44.40000000000036,0.5770987770695526,50.0,0.0005246524247134267,0.8642825319041925
44.50000000000036,0.5713637692936339,50.0,0.0006531828517403985,0.8879154292914394
44.600000000000364,0.5656883839052752,50.0,0.0009726508276000551,0.9121870445123836
44.700000000000365,0.5600772805250074,50.0,0.00215321528492368,0.9370986212396583
44.80000000000037,0.5545770725835473,50.0,0.016125172995443474,0.9625203963076533
44.90000000000037,0.5675403364778471,50.0,22.25329212401222,0.9306363000806243
45.00000000000037,1.027594747417746,50.0,176.56928429502972,-0.24119485531232523
45.10000000000037,4.008215845546373,50.0,233.82988539453729,-96.8415259757555
45.20000000000037,6.373958829272214,50.0,155.3283342035209,-37737.963168681585
45.300000000000374,7.897089456649949,50.0,104.5971319940224,-174857.31508193872
45.400000000000375,8.920013458500353,50.0,75.06000174950664,-70056.2674779517
45.50000000000038,9.641646072132845,50.0,56.60525902116144,-9412.860625157848
45.60000000000038,10.168035045997765,50.0,44.24657075551839,-1413.3314227128328
45.70000000000038,10.559824752826808,50.0,35.50660215249383,-301.02311724392376
45.80000000000038,10.854313493701252,50.0,29.061277540047143,-85.73988453910574
45.90000000000038,11.075867919275835,50.0,24.149349228565573,-30.533922256488232
46.000000000000384,11.241178669691623,50.0,20.31377967240615,-12.933020639650133
46.100000000000385,11.36221562674502,50.0,17.250872175258888,-6.282400104822481
46.20000000000039,11.447724833707507,50.0,14.766483175922913,-3.407895637371962
46.30000000000039,11.504357223062655,50.0,12.724555153907266,-2.022986850244711
46.40000000000039,11.537265577060225,50.0,11.02789574247417,-1.2937537098082261
46.50000000000039,11.550512510431753,50.0,9.604877170254413,-0.8804754919800883
46.60000000000039,11.547344917722867,50.0,8.401397211555015,-0.6314339502673932
46.700000000000394,11.530386910159024,50.0,7.375933504080373,-0.47341950789627074
46.800000000000395,11.501780872027318,50.0,6.496277500993075,-0.3686981143512397
46.9000000000004,11.463292871286646,50.0,5.737212051418469,-0.29668603487003375
47.0000000000004,11.416392164955655,50.0,5.0787988915233475,-0.24558942406472975
47.1000000000004,11.362311496093286,50.0,4.505107118660645,-0.20835479667436096
47.2000000000004,11.302093127230913,50.0,4.003270995281086,-0.18060197800465896
47.3000000000004,11.236624295587822,50.0,3.562791953101517,-0.15951906717588926
47.400000000000404,11.16666480639511,50.0,3.1750193981639008,-0.14324696255007974
47.500000000000405,11.09286874705397,50.0,2.832761547220962,-0.13052379840253583
47.600000000000406,11.015801765031256,50.0,2.529990840794529,-0.12047269832550182
47.70000000000041,10.935954962741153,50.0,2.2616185089598546,-0.1124712918720475
47.80000000000041,10.853756183736367,50.0,2.0233201288304667,-0.1060693338120539
47.90000000000041,10.769579264896095,50.0,1.8113991640108755,-0.10093542235861232
48.00000000000041,10.6837516856734,50.0,1.6226791018315185,-0.09682177221951094
48.10000000000041,10.596560941280865,50.0,1.4544173570752683,-0.09354045224083302
48.200000000000415,10.508259890371816,50.0,1.3042359181963978,-0.09094705890325447
48.300000000000416,10.41907127127327,50.0,1.1700650019804038,-0.08892930754323333
48.40000000000042,10.329191538553514,50.0,1.050096912181715,-0.08739893485872373
48.50000000000042,10.238794139750206,50.0,0.9427479744518451,-0.08628586833600888
48.60000000000042,10.148032327685529,50.0,0.846626917688281,-0.08553397166907485
48.70000000000042,10.057041584989518,50.0,0.7605084418249696,-0.08509790158565182
48.80000000000042,9.965941722828855,50.0,0.6833109896001363,-0.08494075893237406
48.900000000000425,9.874838704370443,50.0,0.6140779499762401,-0.08503231444668144
49.000000000000426,9.783826234444282,50.0,0.5519616814035826,-0.08534765518211225
49.10000000000043,9.6929871496511,50.0,0.49620986674618095,-0.08586614218925416
49.20000000000043,9.602394637370121,50.0,0.4461538076471626,-0.08657060085177239
49.30000000000043,9.51211330744706,50.0,0.40119834114233355,-0.08744668678724353
49.40000000000043,9.422200136543156,50.0,0.3608131204075412,-0.08848238542025001
49.50000000000043,9.332705302019624,50.0,0.3245250483479277,-0.0896676141899703
49.600000000000435,9.243672919677266,50.0,0.2919116900804467,-0.09099390418719695
49.700000000000436,9.155141697558392,50.0,0.2625955203228946,-0.09245414372270115
49.80000000000044,9.067145516261746,50.0,0.23623888588035796,-0.0940423705253207
49.90000000000044,8.979713944753408,50.0,0.2125395830377907,-0.09575360238079786
50.0,8.892872699424492,50.0,0.19122696567015243,-0.09758369835022593
